hour,day_of_week,is_weekend,is_night,src_is_private,dst_is_private,src_port,dst_port,is_common_port,same_ip_frequency,same_type_frequency,time_since_last_similar,suspicious_keyword_count,message_length,special_char_ratio,has_ip_pattern,has_url_pattern,http_code,is_http_error,event_type_encoded,is_repeated_failure,is_rapid_succession,label
17,0,0.0,0.0,1.0,1.0,49278,22,1.0,4,3,61.2834146482455,0,163,0.15181378785167515,0.0,0,404,0.0,4,0.0,0.0,0.0
12,1,0.0,0.0,1.0,1.0,60004,22,1.0,2,7,45.812948245673155,0,76,0.18603419308768493,0.0,0,200,0.0,6,0.0,0.0,0.0
14,3,0.0,0.0,1.0,1.0,52949,443,1.0,4,6,106.9894100615944,0,192,0.02992028990539051,1.0,0,201,0.0,6,0.0,0.0,0.0
12,4,0.0,0.0,1.0,1.0,51069,443,1.0,1,2,116.51839346810205,0,167,0.04465267710103926,1.0,0,200,0.0,6,0.0,0.0,0.0
15,0,0.0,0.0,1.0,1.0,62198,22,1.0,2,8,6.431646379952709,0,98,0.14609927219175806,0.0,0,301,0.0,2,0.0,0.0,0.0
17,0,0.0,0.0,1.0,1.0,51860,443,1.0,4,6,52.94914219185613,0,191,0.03180500074805226,1.0,0,200,0.0,4,0.0,0.0,0.0
9,4,0.0,0.0,1.0,1.0,50944,22,1.0,1,4,5.874702682483746,0,185,0.15076594011384373,0.0,0,200,0.0,6,0.0,0.0,0.0
8,2,0.0,0.0,1.0,1.0,51703,80,1.0,2,2,65.65147210381606,1,125,0.019973364227235637,1.0,0,201,1.0,6,0.0,0.0,0.0
14,2,0.0,0.0,1.0,1.0,64880,443,1.0,1,3,144.73607343318378,1,55,0.18726423079383137,0.0,0,200,0.0,4,0.0,0.0,0.0
3,0,1.0,1.0,0.0,1.0,36921,23,1.0,23,88,1.7820498964157967,5,115,0.4753353646186259,1.0,1,403,1.0,7,1.0,1.0,1.0
12,2,0.0,0.0,1.0,1.0,61467,443,1.0,2,8,141.12566585424565,1,127,0.04222249423322724,1.0,0,201,0.0,2,0.0,0.0,0.0
13,4,0.0,0.0,1.0,1.0,49387,443,1.0,1,5,343.7655002837343,1,112,0.03277620475609644,1.0,0,301,0.0,2,0.0,0.0,0.0
23,4,1.0,1.0,0.0,1.0,19324,3389,1.0,37,72,1.0552955303432898,5,423,0.5167972133622838,1.0,1,404,1.0,1,1.0,1.0,1.0
15,4,0.0,0.0,1.0,1.0,52964,443,1.0,3,3,11.167450059839194,1,190,0.053793606319077196,0.0,0,200,0.0,4,0.0,0.0,0.0
13,4,0.0,0.0,1.0,1.0,60877,443,1.0,1,9,94.2186012916847,1,74,0.04409768693782128,1.0,0,200,0.0,6,0.0,0.0,0.0
12,0,0.0,0.0,1.0,1.0,51006,22,1.0,2,3,66.85934921037368,0,53,0.1120183394886791,0.0,0,200,0.0,6,0.0,0.0,0.0
0,1,1.0,1.0,0.0,1.0,36953,22,1.0,45,91,0.26871341200924137,5,284,0.570330949777407,1.0,0,403,1.0,7,1.0,1.0,1.0
16,3,0.0,0.0,1.0,1.0,56825,22,1.0,4,9,36.115404005155014,0,97,0.127418167416181,0.0,1,301,0.0,4,0.0,0.0,0.0
10,2,0.0,0.0,1.0,1.0,53377,80,1.0,3,9,174.3251688811231,0,196,0.08018835249460934,0.0,0,301,0.0,2,0.0,0.0,0.0
23,6,0.0,1.0,0.0,1.0,36549,23,1.0,28,26,3.866860943676314,2,314,0.30034938868644423,1.0,1,401,1.0,3,1.0,1.0,1.0
22,5,1.0,1.0,0.0,1.0,18611,3389,1.0,25,70,1.0973208820457925,3,148,0.48278252739736904,1.0,1,500,1.0,7,1.0,1.0,1.0
23,5,0.0,1.0,0.0,1.0,43743,22,1.0,28,57,3.868399552482649,2,364,0.461738583861143,1.0,1,500,1.0,1,1.0,0.0,1.0
13,0,0.0,0.0,1.0,1.0,59941,80,1.0,3,6,0.5243335834244977,1,73,0.09893503791825667,1.0,1,301,1.0,2,0.0,0.0,0.0
17,2,0.0,0.0,1.0,1.0,62787,22,1.0,3,7,56.15170164185904,0,84,0.038223741899200525,1.0,0,404,0.0,2,0.0,0.0,0.0
16,2,0.0,0.0,1.0,1.0,54553,80,1.0,1,8,14.521803232856358,1,155,0.027823169778217506,0.0,0,301,0.0,6,0.0,0.0,0.0
2,5,0.0,1.0,0.0,1.0,40910,23,1.0,39,31,4.669576872659208,2,464,0.5380048948623104,1.0,1,404,1.0,1,1.0,0.0,1.0
23,4,0.0,1.0,0.0,1.0,31459,23,1.0,27,89,4.101610691687955,3,407,0.35550736514463877,1.0,1,404,1.0,7,1.0,1.0,1.0
11,4,0.0,0.0,1.0,1.0,54620,80,1.0,4,3,87.32855020448504,1,175,0.07085355296820932,0.0,1,200,0.0,4,0.0,0.0,0.0
8,3,0.0,0.0,1.0,1.0,52887,22,1.0,1,5,36.13647059411098,0,58,0.14393076332210608,0.0,0,301,0.0,4,0.0,0.0,0.0
17,0,0.0,0.0,1.0,1.0,62151,22,1.0,4,5,270.47556044043154,0,130,0.14534984483363933,0.0,0,200,0.0,4,0.0,0.0,0.0
3,0,1.0,1.0,0.0,1.0,21199,22,1.0,18,58,3.8259603297086655,4,477,0.21295565511039805,1.0,1,404,1.0,7,1.0,1.0,1.0
9,1,0.0,0.0,1.0,1.0,49966,443,1.0,3,3,54.688130994859776,0,162,0.07052052118577164,0.0,0,201,0.0,6,0.0,0.0,0.0
3,1,0.0,1.0,0.0,1.0,33793,3389,1.0,48,36,3.813105145838274,4,295,0.5176729381268734,1.0,1,404,1.0,3,1.0,1.0,1.0
8,3,0.0,0.0,1.0,1.0,54439,443,1.0,2,2,4.256611941635436,0,94,0.09468017629898251,1.0,0,404,0.0,2,0.0,0.0,0.0
15,0,0.0,0.0,1.0,1.0,60110,443,1.0,3,9,316.1203427295335,0,58,0.02258632853720226,0.0,0,200,0.0,2,0.0,0.0,0.0
14,0,0.0,0.0,1.0,1.0,60549,22,1.0,1,2,640.5472880634143,0,165,0.00952825148730132,0.0,0,301,0.0,6,0.0,0.0,0.0
22,4,1.0,1.0,0.0,1.0,27556,23,1.0,35,78,0.4035379410370409,3,485,0.40386258032150424,1.0,1,404,1.0,1,1.0,1.0,1.0
15,1,0.0,0.0,1.0,1.0,55890,443,1.0,3,3,69.82925482163945,1,110,0.023204536269633858,1.0,1,301,0.0,4,0.0,0.0,0.0
10,2,0.0,0.0,1.0,1.0,60987,80,1.0,2,1,391.05405727172183,1,68,0.060383340015500366,0.0,0,200,0.0,6,0.0,0.0,0.0
17,3,0.0,0.0,1.0,1.0,58837,443,1.0,2,3,14.216820876655945,0,140,0.11436183272143075,0.0,0,404,0.0,2,0.0,0.0,0.0
14,0,0.0,0.0,1.0,1.0,58549,80,1.0,2,8,142.4612253597161,0,72,0.07234205097191614,1.0,0,201,0.0,6,0.0,0.0,0.0
17,0,0.0,0.0,1.0,1.0,55919,22,1.0,1,6,5.992390010381586,0,139,0.02219550491702962,0.0,1,201,0.0,2,0.0,0.0,0.0
2,1,1.0,1.0,0.0,1.0,27679,3389,1.0,21,63,2.39592927349656,3,330,0.27416354014962174,1.0,1,404,1.0,7,1.0,1.0,1.0
9,1,0.0,0.0,1.0,1.0,65061,443,1.0,1,2,108.28490176285032,1,168,0.14512544005488318,0.0,1,200,0.0,4,0.0,0.0,0.0
10,2,0.0,0.0,1.0,1.0,51058,443,1.0,3,7,9.172364057237763,0,186,0.04693068835516987,0.0,0,301,0.0,6,0.0,0.0,0.0
16,0,0.0,0.0,1.0,1.0,64831,22,1.0,3,4,329.99533399771076,1,142,0.05084627674973912,1.0,0,201,0.0,2,0.0,0.0,0.0
14,4,0.0,0.0,1.0,1.0,50428,80,1.0,3,3,6.202684348321755,0,110,0.17378885045582904,1.0,0,301,0.0,6,0.0,0.0,0.0
15,0,0.0,0.0,1.0,1.0,51277,22,1.0,1,1,109.33612728760885,0,117,0.08026120484394245,0.0,1,200,0.0,2,0.0,0.0,0.0
1,1,1.0,1.0,0.0,1.0,43535,3389,1.0,27,88,0.6780651697775016,2,466,0.5723994478850336,1.0,0,500,1.0,1,1.0,1.0,1.0
17,3,0.0,0.0,1.0,1.0,50798,80,1.0,2,7,97.70648486217308,0,162,0.08322428561421846,0.0,0,200,0.0,6,0.0,0.0,0.0
9,1,0.0,0.0,1.0,1.0,51624,443,1.0,3,1,15.826211104526102,1,55,0.11292581019945264,1.0,0,201,0.0,2,0.0,0.0,0.0
8,2,0.0,0.0,1.0,1.0,51146,80,1.0,2,4,35.17379812300988,1,156,0.11225870858968055,0.0,0,200,0.0,4,0.0,0.0,0.0
14,3,0.0,0.0,1.0,1.0,60106,80,1.0,2,4,1.219483024877762,0,57,0.0062843643022545866,0.0,0,301,0.0,4,0.0,0.0,0.0
23,0,0.0,1.0,0.0,1.0,7488,23,1.0,35,88,2.9263588062274537,3,148,0.5635461625276015,1.0,0,401,1.0,7,1.0,0.0,1.0
8,2,0.0,0.0,1.0,1.0,61371,80,1.0,1,6,8.574490745693609,1,90,0.18128419278288738,0.0,0,301,0.0,6,0.0,0.0,0.0
11,2,0.0,0.0,1.0,1.0,56713,80,1.0,1,8,8.438132920074946,1,104,0.06807414926115254,0.0,1,200,0.0,2,0.0,0.0,0.0
11,3,0.0,0.0,1.0,1.0,61998,22,1.0,3,1,50.16615401585782,1,78,0.07651606471412709,1.0,0,404,0.0,2,0.0,0.0,0.0
13,3,0.0,0.0,1.0,1.0,62775,22,1.0,3,6,261.73090971585725,1,169,0.10979608988832837,0.0,1,201,0.0,6,0.0,0.0,0.0
10,4,0.0,0.0,1.0,1.0,58914,80,1.0,4,8,75.56656276864724,0,56,0.18612136096930743,0.0,0,201,0.0,6,0.0,0.0,0.0
8,3,0.0,0.0,1.0,1.0,50913,22,1.0,1,5,79.74627665581228,1,158,0.17510224531052324,0.0,0,301,0.0,6,0.0,0.0,0.0
22,1,1.0,1.0,0.0,1.0,36422,22,1.0,22,29,0.20294486923316768,4,157,0.3800439434740118,1.0,1,403,1.0,7,1.0,0.0,1.0
13,4,0.0,0.0,1.0,1.0,54917,80,1.0,3,5,143.1800379585526,0,135,0.15688417160068355,0.0,0,200,0.0,4,0.0,0.0,0.0
17,2,0.0,0.0,1.0,1.0,49945,22,1.0,3,8,155.40739964735977,0,124,0.059138934808320845,0.0,0,201,0.0,6,0.0,0.0,0.0
1,0,1.0,1.0,0.0,1.0,24134,22,1.0,29,80,0.2976358754784147,5,191,0.294398642363695,1.0,1,404,1.0,3,1.0,1.0,1.0
16,1,0.0,0.0,1.0,1.0,60858,22,1.0,1,4,337.6177831884106,0,148,0.036561447331380094,1.0,0,404,0.0,2,0.0,0.0,0.0
11,1,0.0,0.0,1.0,1.0,59419,80,1.0,2,4,91.7777670220792,1,136,0.14413102905662264,1.0,0,404,0.0,2,0.0,0.0,0.0
0,4,0.0,1.0,0.0,1.0,31954,3389,1.0,16,38,4.275037237442995,5,264,0.499479391375662,1.0,0,404,1.0,3,1.0,1.0,1.0
9,2,0.0,0.0,1.0,1.0,56793,80,1.0,2,9,266.7799460588854,1,75,0.08048932748673379,0.0,1,404,1.0,4,0.0,0.0,0.0
16,3,0.0,0.0,1.0,1.0,60941,80,1.0,4,8,130.37588019347567,1,192,0.18387748091453454,0.0,1,201,0.0,2,0.0,0.0,0.0
12,0,0.0,0.0,1.0,1.0,55666,443,1.0,1,2,236.9125118145484,0,148,0.03441784585905188,0.0,0,200,0.0,6,0.0,0.0,0.0
10,4,0.0,0.0,1.0,1.0,52683,80,1.0,3,5,72.99745937185206,1,91,0.002018121337804946,0.0,0,200,0.0,2,0.0,0.0,0.0
16,3,0.0,0.0,1.0,1.0,59609,22,1.0,3,1,183.13465118380304,1,87,0.058005838729781184,0.0,0,301,0.0,2,0.0,0.0,0.0
10,1,0.0,0.0,1.0,1.0,50074,80,1.0,3,3,43.91013705229907,0,117,0.030761404928321558,0.0,0,301,0.0,2,0.0,0.0,0.0
12,4,0.0,0.0,1.0,1.0,51797,80,1.0,3,2,209.27356121766388,0,68,0.1984884578749558,0.0,0,200,0.0,2,0.0,0.0,0.0
15,0,0.0,0.0,1.0,1.0,64922,22,1.0,4,8,68.96646162596095,0,97,0.15262167272026167,1.0,1,404,0.0,6,0.0,0.0,0.0
10,1,0.0,0.0,1.0,1.0,55511,22,1.0,3,7,9.760250898985603,0,103,0.13590998542678168,1.0,0,201,0.0,2,0.0,0.0,0.0
8,2,0.0,0.0,1.0,1.0,54719,22,1.0,2,7,480.4835440886139,0,147,0.03557762480980469,1.0,0,201,0.0,2,0.0,0.0,0.0
16,0,0.0,0.0,1.0,1.0,56043,80,1.0,4,3,19.21763084545793,1,194,0.13502801222993363,0.0,0,200,0.0,4,0.0,0.0,0.0
22,0,1.0,1.0,0.0,1.0,6422,23,1.0,12,25,0.1785379666301033,3,144,0.2946861223379479,1.0,1,403,1.0,3,1.0,0.0,1.0
2,4,0.0,1.0,0.0,1.0,39130,23,1.0,22,30,3.855101344212797,3,216,0.318168814525506,1.0,1,403,1.0,1,1.0,1.0,1.0
16,4,0.0,0.0,1.0,1.0,50980,22,1.0,1,2,37.89306256040513,0,100,0.14780531155759175,0.0,0,200,0.0,4,0.0,0.0,0.0
15,4,0.0,0.0,1.0,1.0,50028,22,1.0,1,2,70.55069747772997,1,133,0.13522164628288222,0.0,0,301,0.0,2,0.0,0.0,0.0
1,3,0.0,1.0,0.0,1.0,4249,3389,1.0,24,26,1.5747349661949464,3,109,0.40554661028530864,1.0,0,500,1.0,1,1.0,0.0,1.0
12,3,0.0,0.0,1.0,1.0,51212,443,1.0,2,8,114.01463466715083,0,104,0.12065836114298861,0.0,0,201,0.0,2,0.0,0.0,0.0
14,1,0.0,0.0,1.0,1.0,59299,80,1.0,4,4,153.66381893970083,0,119,0.04089217721094236,0.0,0,200,0.0,4,0.0,0.0,0.0
10,3,0.0,0.0,1.0,1.0,50885,80,1.0,1,2,6.331220895053138,1,197,0.07702402398050001,0.0,0,200,0.0,6,0.0,0.0,0.0
14,1,0.0,0.0,1.0,1.0,51984,443,1.0,2,7,133.7536043015661,0,77,0.13019146702361453,0.0,0,404,0.0,6,0.0,0.0,0.0
2,5,1.0,1.0,0.0,1.0,48052,445,1.0,37,22,4.1874041302213625,3,338,0.22289467740672375,1.0,0,404,1.0,1,1.0,1.0,1.0
16,3,0.0,0.0,1.0,1.0,63534,443,1.0,2,6,92.50481327074117,0,61,0.028762870062962742,0.0,0,301,0.0,2,0.0,0.0,0.0
13,0,0.0,0.0,1.0,1.0,49571,80,1.0,1,4,153.15133748939874,0,178,0.19801727521349644,0.0,0,201,0.0,4,0.0,0.0,0.0
15,3,0.0,0.0,1.0,1.0,52569,80,1.0,2,5,236.71724742163093,1,50,0.05376934849056867,0.0,0,404,0.0,6,0.0,0.0,0.0
22,0,1.0,1.0,0.0,1.0,46678,23,1.0,45,73,1.6174893844154268,5,141,0.5582905422060458,1.0,0,500,1.0,7,1.0,1.0,1.0
13,2,0.0,0.0,1.0,1.0,52329,22,1.0,1,4,65.96521975537925,1,57,0.12192620233138039,0.0,1,201,0.0,6,0.0,0.0,0.0
9,3,0.0,0.0,1.0,1.0,59178,443,1.0,4,3,72.82958332151881,0,192,0.11876049616192311,0.0,0,404,0.0,6,0.0,0.0,0.0
2,0,0.0,1.0,0.0,1.0,5035,22,1.0,25,54,4.834744058966111,4,468,0.22556037681934954,1.0,1,404,1.0,1,1.0,1.0,1.0
14,3,0.0,0.0,1.0,1.0,64480,443,1.0,4,9,40.7233604088635,1,71,0.012266191128656524,0.0,0,200,0.0,6,0.0,0.0,0.0
10,0,0.0,0.0,1.0,1.0,58656,22,1.0,4,4,24.339496199833064,1,95,0.12686794794224085,1.0,0,404,0.0,6,0.0,0.0,0.0
17,1,0.0,0.0,1.0,1.0,51891,80,1.0,4,5,2.6150879968812646,0,173,0.13516954929286729,1.0,0,404,1.0,4,0.0,0.0,0.0
22,4,1.0,1.0,0.0,1.0,14351,22,1.0,17,60,2.3326827922553997,2,410,0.3034843789662538,1.0,1,500,1.0,7,1.0,1.0,1.0
12,0,0.0,0.0,1.0,1.0,55961,22,1.0,2,9,50.96861329145348,0,174,0.0044053842447634,0.0,1,301,0.0,6,0.0,0.0,0.0
8,3,0.0,0.0,1.0,1.0,51344,443,1.0,3,1,170.25697806958462,1,162,0.193410536285207,0.0,0,301,0.0,2,0.0,0.0,0.0
23,0,1.0,1.0,0.0,1.0,3179,23,1.0,10,33,4.338848386939429,4,213,0.24614512052228155,1.0,1,403,1.0,7,1.0,0.0,1.0
9,1,0.0,0.0,1.0,1.0,62322,22,1.0,2,7,77.64355987991227,0,176,0.043854792384775146,1.0,0,404,0.0,2,0.0,0.0,0.0
9,2,0.0,0.0,1.0,1.0,64803,443,1.0,2,2,122.99093840207843,0,151,0.05106181530078633,0.0,0,404,0.0,2,0.0,0.0,0.0
17,3,0.0,0.0,1.0,1.0,59941,443,1.0,1,7,133.0530906909701,0,121,0.1653493536052494,0.0,0,301,0.0,2,0.0,0.0,0.0
9,0,0.0,0.0,1.0,1.0,57410,80,1.0,1,7,51.58049647422997,1,141,0.18808970114723453,0.0,1,404,0.0,4,0.0,0.0,0.0
15,3,0.0,0.0,1.0,1.0,62254,443,1.0,3,4,96.65039188925853,0,166,0.04573888188007296,0.0,0,200,0.0,2,0.0,0.0,0.0
16,4,0.0,0.0,1.0,1.0,49752,22,1.0,1,6,33.67417778790184,1,124,0.1318227528939053,0.0,0,404,0.0,2,0.0,0.0,0.0
14,1,0.0,0.0,1.0,1.0,60263,80,1.0,1,1,91.1863780458761,0,122,0.019010609106538557,0.0,0,404,0.0,4,0.0,0.0,0.0
10,2,0.0,0.0,1.0,1.0,62855,22,1.0,3,7,27.601896185029933,1,140,0.1472400850121524,1.0,0,200,0.0,2,0.0,0.0,0.0
12,4,0.0,0.0,1.0,1.0,63108,443,1.0,3,5,11.62374541951925,0,117,0.17552940393015629,0.0,0,200,0.0,6,0.0,0.0,0.0
22,4,0.0,1.0,0.0,1.0,13376,3389,1.0,21,36,2.930304095121955,2,479,0.5294582379012363,1.0,1,404,1.0,1,1.0,0.0,1.0
10,3,0.0,0.0,1.0,1.0,55318,80,1.0,3,1,102.88023098028725,1,130,0.15478124435413304,0.0,0,301,0.0,4,0.0,0.0,0.0
8,1,0.0,0.0,1.0,1.0,55658,80,1.0,1,7,13.66373352289071,0,60,0.1439582906709372,0.0,0,200,0.0,2,0.0,0.0,0.0
22,6,0.0,1.0,0.0,1.0,26303,22,1.0,42,27,2.9504354846200362,4,348,0.24150253741434258,1.0,1,404,1.0,3,1.0,0.0,1.0
13,4,0.0,0.0,1.0,1.0,64952,22,1.0,4,3,143.12530668276239,1,174,0.10254404956252564,0.0,1,200,0.0,6,0.0,0.0,0.0
15,3,0.0,0.0,1.0,1.0,58336,80,1.0,4,9,14.125114015268526,1,183,0.07904118526199405,1.0,1,404,0.0,4,0.0,0.0,0.0
16,3,0.0,0.0,1.0,1.0,62055,80,1.0,2,1,184.51510870734518,0,174,0.09179269587545974,0.0,0,200,0.0,6,0.0,0.0,0.0
14,4,0.0,0.0,1.0,1.0,61514,22,1.0,4,4,45.84851833829352,0,126,0.11583505107494443,0.0,0,301,0.0,6,0.0,0.0,0.0
17,2,0.0,0.0,1.0,1.0,51128,22,1.0,1,4,68.70925129207896,0,96,0.1763984339443272,0.0,1,404,0.0,6,0.0,0.0,0.0
8,0,0.0,0.0,1.0,1.0,53972,80,1.0,2,9,56.5769226718731,0,114,0.11217489267252352,1.0,0,201,0.0,2,0.0,0.0,0.0
8,4,0.0,0.0,1.0,1.0,57664,443,1.0,1,9,7.481442963462634,1,98,0.11644175195364624,0.0,0,301,0.0,6,0.0,0.0,0.0
13,4,0.0,0.0,1.0,1.0,56050,22,1.0,4,5,40.682350836025485,0,145,0.10890115380984561,0.0,0,301,0.0,2,0.0,0.0,0.0
15,0,0.0,0.0,1.0,1.0,58917,443,1.0,3,4,154.60096304556976,1,191,0.06836074109843651,0.0,0,301,0.0,6,0.0,0.0,0.0
8,3,0.0,0.0,1.0,1.0,50217,443,1.0,2,6,197.59467391996955,1,53,0.1273077293506709,0.0,0,301,0.0,4,0.0,0.0,0.0
14,3,0.0,0.0,1.0,1.0,59965,80,1.0,3,6,217.9703081100552,1,137,0.10544653215078253,0.0,0,301,0.0,6,0.0,0.0,0.0
23,4,1.0,1.0,0.0,1.0,33658,23,1.0,12,72,2.2457094470002703,3,147,0.41892189764587373,1.0,0,401,1.0,1,1.0,1.0,1.0
13,3,0.0,0.0,1.0,1.0,57314,80,1.0,3,8,103.2555633563709,0,83,0.1380193116475687,1.0,1,404,0.0,4,0.0,0.0,0.0
11,4,0.0,0.0,1.0,1.0,62386,80,1.0,1,5,30.08527040218263,0,158,0.04837777671082919,1.0,0,301,0.0,6,0.0,0.0,0.0
16,2,0.0,0.0,1.0,1.0,60669,443,1.0,2,3,9.277387160256174,1,158,0.1758993141456253,0.0,1,404,0.0,2,0.0,0.0,0.0
10,1,0.0,0.0,1.0,1.0,56101,443,1.0,4,6,30.53201391791275,0,69,0.10525569206764054,0.0,0,404,0.0,2,0.0,0.0,0.0
10,2,0.0,0.0,1.0,1.0,49157,443,1.0,2,6,14.007892586034512,1,190,0.19491836226706594,0.0,0,301,0.0,2,0.0,0.0,0.0
23,1,1.0,1.0,0.0,1.0,41568,23,1.0,30,95,3.1551760251119525,2,154,0.5268764202906564,1.0,0,404,1.0,1,1.0,1.0,1.0
15,0,0.0,0.0,1.0,1.0,54894,443,1.0,1,5,160.97928189017483,1,134,0.050764215631338976,0.0,0,200,1.0,4,0.0,0.0,0.0
17,1,0.0,0.0,1.0,1.0,58485,22,1.0,1,1,186.01908873998093,0,196,0.15246180640438775,0.0,1,404,0.0,4,0.0,0.0,0.0
13,0,0.0,0.0,1.0,1.0,49384,80,1.0,3,5,19.058502336665757,1,77,0.0165430923048707,0.0,1,200,0.0,2,0.0,0.0,0.0
15,0,0.0,0.0,1.0,1.0,63805,22,1.0,3,8,2.1167418451615125,1,128,0.10545303618305131,1.0,0,301,0.0,6,0.0,0.0,0.0
16,4,0.0,0.0,1.0,1.0,51949,443,1.0,2,2,140.7601435155739,0,84,0.03756857050755483,0.0,0,404,0.0,4,0.0,0.0,0.0
15,4,0.0,0.0,1.0,1.0,64186,22,1.0,4,4,489.0654962048055,0,135,0.1684461492687896,1.0,0,201,0.0,6,0.0,0.0,0.0
11,0,0.0,0.0,1.0,1.0,50354,22,1.0,2,2,0.9375432164456157,1,136,0.16095062439793897,0.0,0,301,0.0,2,0.0,0.0,0.0
11,2,0.0,0.0,1.0,1.0,57095,443,1.0,2,8,66.76001405482494,1,121,0.08447690443686118,0.0,0,201,0.0,2,0.0,0.0,0.0
17,4,0.0,0.0,1.0,1.0,60309,80,1.0,3,4,34.647292863764726,0,197,0.08312843733718114,0.0,0,404,1.0,2,0.0,0.0,0.0
23,1,1.0,1.0,0.0,1.0,48706,22,1.0,32,20,3.8066103311456683,5,227,0.33519262018793444,1.0,1,403,1.0,3,1.0,0.0,1.0
14,2,0.0,0.0,1.0,1.0,59907,22,1.0,2,7,527.1931976736665,1,88,0.12688482905731674,0.0,1,201,0.0,4,0.0,0.0,0.0
15,4,0.0,0.0,1.0,1.0,53185,80,1.0,3,3,131.97636186471763,1,175,0.06199998743435786,0.0,0,200,0.0,6,0.0,0.0,0.0
8,1,0.0,0.0,1.0,1.0,57287,443,1.0,2,5,28.32636673578669,1,180,0.009211346837991274,0.0,0,201,1.0,4,0.0,0.0,0.0
13,0,0.0,0.0,1.0,1.0,50070,22,1.0,1,2,9.33489795430218,0,61,0.1519222857399593,1.0,0,200,0.0,6,0.0,0.0,0.0
16,2,0.0,0.0,1.0,1.0,63492,443,1.0,4,9,94.91744805522319,0,181,0.09626667530713298,1.0,0,404,0.0,2,0.0,0.0,0.0
9,2,0.0,0.0,1.0,1.0,57541,443,1.0,3,6,101.14021548748543,1,158,0.16708156616842518,1.0,0,201,0.0,2,0.0,0.0,0.0
1,5,1.0,1.0,0.0,1.0,31914,23,1.0,44,91,1.6461125852493643,5,466,0.5282367157296592,1.0,1,401,1.0,3,1.0,1.0,1.0
17,4,0.0,0.0,1.0,1.0,49207,22,1.0,4,6,22.431134374225795,1,101,0.0956519768390447,0.0,0,200,0.0,2,0.0,0.0,0.0
17,3,0.0,0.0,1.0,1.0,63195,22,1.0,1,9,21.64441820614136,1,188,0.09363082826020608,0.0,0,200,1.0,6,0.0,0.0,0.0
12,1,0.0,0.0,1.0,1.0,55381,22,1.0,1,3,23.383868383943188,0,196,0.05430940948224847,0.0,1,301,0.0,2,0.0,0.0,0.0
9,3,0.0,0.0,1.0,1.0,53773,80,1.0,3,1,16.536534532240278,0,159,0.11665149849122312,0.0,0,201,0.0,4,0.0,0.0,0.0
0,5,0.0,1.0,0.0,1.0,11884,3389,1.0,21,92,2.9207597396873566,3,399,0.2236200577833088,1.0,1,500,1.0,3,1.0,0.0,1.0
17,0,0.0,0.0,1.0,1.0,64644,22,1.0,1,9,206.1446433115593,0,79,0.062016907668551016,0.0,0,404,1.0,4,0.0,0.0,0.0
12,4,0.0,0.0,1.0,1.0,49454,80,1.0,1,1,19.273916294070354,0,113,0.16841488747971586,0.0,1,200,0.0,2,0.0,0.0,0.0
9,0,0.0,0.0,1.0,1.0,56093,80,1.0,1,9,25.439638787094392,0,185,0.036061587084555626,1.0,1,404,0.0,2,0.0,0.0,0.0
0,6,0.0,1.0,0.0,1.0,28785,445,1.0,24,46,1.2751177658122923,5,158,0.4273727817322013,1.0,1,500,1.0,3,1.0,1.0,1.0
11,3,0.0,0.0,1.0,1.0,59502,22,1.0,1,2,371.35903021270826,0,125,0.02598598490714026,1.0,0,200,0.0,4,0.0,0.0,0.0
8,0,0.0,0.0,1.0,1.0,59939,443,1.0,3,5,97.78891428190236,0,108,0.18616145946329798,1.0,0,201,0.0,4,0.0,0.0,0.0
15,0,0.0,0.0,1.0,1.0,49246,443,1.0,1,8,8.018918746336913,1,157,0.16463216614177187,0.0,0,200,0.0,6,0.0,0.0,0.0
23,4,0.0,1.0,0.0,1.0,12986,445,1.0,45,30,1.8973117711667153,5,126,0.37902074204242475,1.0,1,403,1.0,7,1.0,1.0,1.0
11,1,0.0,0.0,1.0,1.0,52497,22,1.0,3,6,3.6830368051553117,0,118,0.11093146960701912,0.0,1,200,0.0,6,0.0,0.0,0.0
0,3,1.0,1.0,0.0,1.0,22733,3389,1.0,25,53,3.1907750588458414,4,175,0.3571637342419573,1.0,0,403,1.0,7,1.0,0.0,1.0
22,6,0.0,1.0,0.0,1.0,38735,3389,1.0,37,33,0.7433110628236388,3,365,0.20546467418824377,1.0,1,401,1.0,1,1.0,0.0,1.0
17,1,0.0,0.0,1.0,1.0,55022,80,1.0,3,1,174.90887349353392,1,113,0.17338669367037673,0.0,0,201,0.0,6,0.0,0.0,0.0
14,3,0.0,0.0,1.0,1.0,57869,443,1.0,4,4,10.16744837023609,1,191,0.14202201128434133,0.0,0,201,1.0,2,0.0,0.0,0.0
2,4,1.0,1.0,0.0,1.0,15404,22,1.0,35,31,2.6222367494082217,4,136,0.5468709417805409,1.0,0,404,1.0,7,1.0,1.0,1.0
13,0,0.0,0.0,1.0,1.0,50215,22,1.0,2,7,95.50820766198737,1,70,0.007187734984310668,0.0,0,200,0.0,6,0.0,0.0,0.0
14,4,0.0,0.0,1.0,1.0,54902,80,1.0,1,8,50.58074311065991,0,57,0.023990738604777986,0.0,0,201,0.0,6,0.0,0.0,0.0
10,0,0.0,0.0,1.0,1.0,65022,80,1.0,2,5,29.39290402489777,0,88,0.11412992477618698,0.0,0,200,0.0,4,0.0,0.0,0.0
1,3,1.0,1.0,0.0,1.0,21052,22,1.0,23,36,0.7387303372120012,5,312,0.23184203079700227,1.0,1,401,1.0,7,1.0,1.0,1.0
14,0,0.0,0.0,1.0,1.0,57347,443,1.0,4,2,53.4656934620134,0,176,0.01706826729686497,0.0,0,201,0.0,2,0.0,0.0,0.0
8,0,0.0,0.0,1.0,1.0,56641,80,1.0,2,8,217.68710598120475,1,60,0.010439725808994327,0.0,0,200,0.0,4,0.0,0.0,0.0
8,2,0.0,0.0,1.0,1.0,50771,80,1.0,3,2,125.99203799829266,0,111,0.13432845630920595,0.0,0,201,1.0,4,0.0,0.0,0.0
10,1,0.0,0.0,1.0,1.0,52520,80,1.0,4,1,139.18098878273494,0,50,0.10849420069253123,0.0,0,201,0.0,4,0.0,0.0,0.0
12,2,0.0,0.0,1.0,1.0,51976,443,1.0,4,6,43.57976357336992,0,70,0.12891823494846874,1.0,0,200,1.0,6,0.0,0.0,0.0
8,4,0.0,0.0,1.0,1.0,49376,443,1.0,4,9,39.256259501370444,1,171,0.026303653383275585,1.0,1,301,0.0,6,0.0,0.0,0.0
14,2,0.0,0.0,1.0,1.0,53298,443,1.0,2,4,145.03546989673853,1,114,0.19990878374381887,0.0,0,201,0.0,6,0.0,0.0,0.0
16,0,0.0,0.0,1.0,1.0,53814,443,1.0,3,6,6.470195151063192,0,124,0.14169793949855947,0.0,0,201,0.0,2,0.0,0.0,0.0
15,3,0.0,0.0,1.0,1.0,59313,443,1.0,1,6,35.018856530362534,0,72,0.12856378296003487,0.0,0,404,0.0,4,0.0,0.0,0.0
3,5,0.0,1.0,0.0,1.0,25378,445,1.0,36,25,4.203615346131995,3,231,0.4438023564019933,1.0,1,404,1.0,7,1.0,0.0,1.0
8,4,0.0,0.0,1.0,1.0,57821,22,1.0,3,9,95.70748371647657,1,188,8.855628744157684e-05,0.0,0,404,0.0,2,0.0,0.0,0.0
1,1,0.0,1.0,0.0,1.0,12384,22,1.0,29,93,0.5879405963461418,5,432,0.5823372588700655,1.0,1,403,1.0,7,1.0,1.0,1.0
14,1,0.0,0.0,1.0,1.0,64323,80,1.0,2,9,10.323231608662383,0,133,0.09098377790151742,0.0,0,201,0.0,6,0.0,0.0,0.0
8,4,0.0,0.0,1.0,1.0,65310,443,1.0,1,4,130.1730101451439,1,120,0.05056272121784011,0.0,0,404,0.0,4,0.0,0.0,0.0
15,1,0.0,0.0,1.0,1.0,61351,443,1.0,2,9,93.20465498249905,0,136,0.07546273228126472,0.0,0,200,0.0,2,0.0,0.0,0.0
10,3,0.0,0.0,1.0,1.0,55103,443,1.0,1,1,92.100580446948,0,195,0.15221766120477512,0.0,0,200,0.0,2,0.0,0.0,0.0
14,3,0.0,0.0,1.0,1.0,55190,443,1.0,1,3,73.06580419892181,0,51,0.03046555713253576,0.0,0,201,0.0,4,0.0,0.0,0.0
0,6,0.0,1.0,0.0,1.0,4198,3389,1.0,15,70,2.8705381047874368,4,168,0.2976590242027629,1.0,1,404,1.0,7,1.0,1.0,1.0
15,1,0.0,0.0,1.0,1.0,64266,80,1.0,3,9,313.7632785960324,1,86,0.07613793623217316,0.0,0,301,0.0,4,0.0,0.0,0.0
22,0,0.0,1.0,0.0,1.0,25490,22,1.0,29,70,2.469140617023339,5,189,0.3828238637063105,1.0,1,403,1.0,7,1.0,1.0,1.0
15,2,0.0,0.0,1.0,1.0,54940,22,1.0,3,7,22.820086126156376,0,176,0.049161487861230604,0.0,0,200,1.0,4,0.0,0.0,0.0
10,3,0.0,0.0,1.0,1.0,53476,443,1.0,4,5,36.564883308698526,1,100,0.07894687076896563,0.0,0,301,0.0,4,0.0,0.0,0.0
11,4,0.0,0.0,1.0,1.0,51864,22,1.0,3,1,129.4553854060387,0,67,0.1905793591995655,1.0,0,301,0.0,2,0.0,0.0,0.0
8,2,0.0,0.0,1.0,1.0,61971,80,1.0,4,5,133.6959878024791,1,192,0.17142591197125645,0.0,0,201,0.0,2,0.0,0.0,0.0
12,4,0.0,0.0,1.0,1.0,54774,80,1.0,3,4,61.581662209138635,0,146,0.09519354620233118,0.0,0,404,0.0,2,0.0,0.0,0.0
13,3,0.0,0.0,1.0,1.0,61759,443,1.0,1,6,310.85580630222995,0,59,0.06641987307862729,0.0,0,200,0.0,4,0.0,0.0,0.0
12,4,0.0,0.0,1.0,1.0,55176,22,1.0,3,5,57.421050414113125,1,184,0.025071295158477128,0.0,1,200,0.0,4,0.0,0.0,0.0
23,2,1.0,1.0,0.0,1.0,36932,22,1.0,33,29,4.411204964913193,2,133,0.4672013002972056,1.0,1,500,1.0,3,1.0,1.0,1.0
8,2,0.0,0.0,1.0,1.0,63429,443,1.0,2,1,57.894689062654834,0,105,0.18879646107264192,1.0,0,201,0.0,6,0.0,0.0,0.0
15,0,0.0,0.0,1.0,1.0,53822,443,1.0,1,5,4.413344611758607,0,84,0.07100821129039166,0.0,1,201,0.0,2,0.0,0.0,0.0
8,2,0.0,0.0,1.0,1.0,59383,80,1.0,3,5,101.24428920042712,1,193,0.12122931298669595,1.0,0,200,0.0,4,0.0,0.0,0.0
11,4,0.0,0.0,1.0,1.0,58245,443,1.0,3,5,107.69112357162622,1,142,0.10939265027427764,0.0,0,201,1.0,6,0.0,0.0,0.0
13,0,0.0,0.0,1.0,1.0,52682,22,1.0,4,7,23.027801895590354,0,106,0.1449962339848105,0.0,0,301,0.0,4,0.0,0.0,0.0
17,3,0.0,0.0,1.0,1.0,53379,22,1.0,4,4,103.79240810762278,1,116,0.07837165928181578,0.0,0,201,0.0,2,0.0,0.0,0.0
15,1,0.0,0.0,1.0,1.0,62981,22,1.0,1,1,7.060736270411021,0,185,0.1688497404811637,1.0,0,404,0.0,6,0.0,0.0,0.0
23,4,0.0,1.0,0.0,1.0,45602,445,1.0,22,28,1.0018193830460465,4,457,0.5186579476060552,1.0,0,403,1.0,3,1.0,1.0,1.0
13,2,0.0,0.0,1.0,1.0,60279,443,1.0,2,1,184.47398709821283,1,106,0.1463449473128426,1.0,0,301,0.0,6,0.0,0.0,0.0
15,4,0.0,0.0,1.0,1.0,50400,80,1.0,4,1,24.017700835005286,1,78,0.07855875516186868,0.0,1,301,0.0,2,0.0,0.0,0.0
16,2,0.0,0.0,1.0,1.0,55118,22,1.0,1,7,175.75777510905334,1,95,0.008601390373387896,0.0,0,201,0.0,4,0.0,0.0,0.0
10,2,0.0,0.0,1.0,1.0,64772,443,1.0,2,6,82.43603206028806,0,69,0.06526768618639744,0.0,1,201,0.0,2,0.0,0.0,0.0
16,4,0.0,0.0,1.0,1.0,55180,80,1.0,4,8,118.94722687558443,1,113,0.1679632324291062,1.0,0,404,0.0,6,0.0,0.0,0.0
10,2,0.0,0.0,1.0,1.0,62260,80,1.0,3,2,89.24465045700323,1,158,0.09164693007856678,0.0,0,404,0.0,2,0.0,0.0,0.0
17,2,0.0,0.0,1.0,1.0,53603,443,1.0,2,3,282.4796036158523,1,175,0.17654687613468442,0.0,0,200,0.0,4,0.0,0.0,0.0
15,2,0.0,0.0,1.0,1.0,57545,443,1.0,2,4,330.75549794683667,0,172,0.02502505142834939,0.0,0,404,0.0,2,0.0,0.0,0.0
17,3,0.0,0.0,1.0,1.0,49229,22,1.0,2,4,12.954093800495233,1,118,0.027399812610734278,0.0,0,404,0.0,2,0.0,0.0,0.0
16,2,0.0,0.0,1.0,1.0,56299,443,1.0,1,2,35.48559900798931,0,113,0.08749638532164195,0.0,0,301,0.0,2,0.0,0.0,0.0
12,1,0.0,0.0,1.0,1.0,59687,22,1.0,2,9,29.067457241461543,0,99,0.19060400423577983,0.0,1,404,0.0,4,0.0,0.0,0.0
10,1,0.0,0.0,1.0,1.0,50797,22,1.0,2,8,28.707718856360664,1,84,0.1256868094837998,0.0,0,404,0.0,4,0.0,0.0,0.0
10,0,0.0,0.0,1.0,1.0,59379,22,1.0,1,5,132.07736825681354,0,93,0.1789285595155269,0.0,0,301,0.0,2,0.0,0.0,0.0
16,4,0.0,0.0,1.0,1.0,57304,22,1.0,3,8,36.45981219476022,1,114,0.11265778619076294,1.0,0,301,0.0,4,0.0,0.0,0.0
12,0,0.0,0.0,1.0,1.0,61773,80,1.0,4,2,146.63040433040203,1,153,0.16197203747211725,1.0,0,301,0.0,6,0.0,0.0,0.0
11,1,0.0,0.0,1.0,1.0,62873,22,1.0,1,8,60.58276310869285,0,131,0.07952951591840723,0.0,0,200,0.0,6,0.0,0.0,0.0
12,2,0.0,0.0,1.0,1.0,57947,80,1.0,4,7,8.403564207332337,0,162,0.1636053498277386,0.0,1,404,1.0,6,0.0,0.0,0.0
13,0,0.0,0.0,1.0,1.0,54294,80,1.0,3,7,277.07993880074326,1,150,0.14642452136859116,1.0,0,301,0.0,2,0.0,0.0,0.0
23,6,0.0,1.0,0.0,1.0,36498,445,1.0,38,29,2.4618849649069694,2,411,0.3388768670248848,1.0,1,401,1.0,7,1.0,1.0,1.0
9,2,0.0,0.0,1.0,1.0,50102,22,1.0,4,3,45.87721412896034,0,66,0.011540585683179772,0.0,0,200,0.0,4,0.0,0.0,0.0
17,2,0.0,0.0,1.0,1.0,58513,443,1.0,2,3,42.48004262131064,1,199,0.16534293198620367,0.0,0,200,0.0,2,0.0,0.0,0.0
10,4,0.0,0.0,1.0,1.0,58263,22,1.0,1,6,74.87475558795342,0,90,0.025144853798445246,0.0,0,404,0.0,4,0.0,0.0,0.0
10,0,0.0,0.0,1.0,1.0,59668,22,1.0,4,4,16.49039515544464,0,92,0.09971415990114184,0.0,1,200,0.0,6,0.0,0.0,0.0
22,1,0.0,1.0,0.0,1.0,44483,445,1.0,25,57,1.4975084331340291,3,404,0.4851529477378946,1.0,1,500,1.0,3,1.0,1.0,1.0
10,2,0.0,0.0,1.0,1.0,62165,80,1.0,4,6,76.74994260264465,1,138,0.02903930257693206,0.0,0,404,0.0,4,0.0,0.0,0.0
11,3,0.0,0.0,1.0,1.0,55111,443,1.0,4,8,162.2742577248794,1,68,0.08318878091637101,0.0,0,200,0.0,6,0.0,0.0,0.0
10,3,0.0,0.0,1.0,1.0,50136,80,1.0,4,9,44.97860945489304,0,163,0.11808621796453866,0.0,0,301,0.0,6,0.0,0.0,0.0
15,0,0.0,0.0,1.0,1.0,59693,80,1.0,2,1,154.01526347430928,1,121,0.10313188117129068,1.0,0,200,0.0,6,0.0,0.0,0.0
17,1,0.0,0.0,1.0,1.0,65379,443,1.0,4,4,183.80437261905783,1,77,0.11361850246757346,1.0,1,404,0.0,2,0.0,0.0,0.0
10,1,0.0,0.0,1.0,1.0,55385,443,1.0,4,8,153.7194201894464,1,100,0.036347838141892595,0.0,0,301,0.0,2,0.0,0.0,0.0
9,3,0.0,0.0,1.0,1.0,50494,22,1.0,2,7,7.392292686901208,1,176,0.1980417787175243,1.0,0,404,0.0,6,0.0,0.0,0.0
17,4,0.0,0.0,1.0,1.0,63374,443,1.0,1,2,76.01862810622099,0,52,0.08976272914932121,0.0,0,301,0.0,6,0.0,0.0,0.0
10,4,0.0,0.0,1.0,1.0,63383,80,1.0,1,4,149.01161997316504,0,148,0.04099624190536329,0.0,0,201,0.0,6,0.0,0.0,0.0
23,2,1.0,1.0,0.0,1.0,11764,23,1.0,35,23,1.3237464782238406,5,255,0.41365587845427887,1.0,0,403,1.0,1,1.0,1.0,1.0
11,4,0.0,0.0,1.0,1.0,57302,443,1.0,1,2,42.70537614854541,0,90,0.17268015337140039,0.0,0,200,0.0,4,0.0,0.0,0.0
8,0,0.0,0.0,1.0,1.0,52628,443,1.0,1,5,28.366189629572723,0,176,0.10351926026310442,0.0,1,301,0.0,6,0.0,0.0,0.0
14,4,0.0,0.0,1.0,1.0,58504,22,1.0,3,3,117.81794699281834,1,86,0.17395263533634217,0.0,0,301,0.0,2,0.0,0.0,0.0
16,1,0.0,0.0,1.0,1.0,59706,443,1.0,2,8,37.369922833070405,1,84,0.02592013023908839,0.0,1,404,0.0,4,0.0,0.0,0.0
9,3,0.0,0.0,1.0,1.0,61924,80,1.0,2,2,59.27636022426302,0,94,0.18335833814046704,1.0,0,200,0.0,6,0.0,0.0,0.0
13,3,0.0,0.0,1.0,1.0,52043,80,1.0,2,9,163.46993101159927,1,66,0.18075151435502845,1.0,0,404,0.0,2,0.0,0.0,0.0
11,0,0.0,0.0,1.0,1.0,49412,80,1.0,2,1,6.897720078190541,1,89,0.041418983635314245,0.0,0,200,0.0,6,0.0,0.0,0.0
3,0,1.0,1.0,0.0,1.0,15225,3389,1.0,35,55,4.506319699617093,3,424,0.540738370335555,1.0,1,403,1.0,3,1.0,0.0,1.0
12,0,0.0,0.0,1.0,1.0,60256,22,1.0,1,7,89.90510286786167,1,150,0.175471122441052,0.0,0,301,0.0,2,0.0,0.0,0.0
3,0,1.0,1.0,0.0,1.0,41590,445,1.0,11,69,4.553249838812626,2,330,0.29585831398302265,1.0,1,403,1.0,1,1.0,1.0,1.0
9,0,0.0,0.0,1.0,1.0,57719,80,1.0,2,7,48.11691558293258,1,97,0.0674680282034047,0.0,0,301,0.0,6,0.0,0.0,0.0
13,0,0.0,0.0,1.0,1.0,62581,22,1.0,1,8,49.68005994559314,0,167,0.19487444773585152,1.0,0,404,0.0,4,0.0,0.0,0.0
2,0,1.0,1.0,0.0,1.0,9707,445,1.0,41,42,0.3212416856202306,5,267,0.22020295695312264,1.0,1,500,1.0,3,1.0,1.0,1.0
16,2,0.0,0.0,1.0,1.0,53360,443,1.0,4,5,64.62981932916178,1,90,0.1150710806503112,1.0,0,201,0.0,6,0.0,0.0,0.0
8,2,0.0,0.0,1.0,1.0,54183,443,1.0,1,7,14.994579904644503,1,121,0.19448399980802067,0.0,1,301,1.0,4,0.0,0.0,0.0
16,1,0.0,0.0,1.0,1.0,55435,80,1.0,1,5,47.14258964215926,1,51,0.015276988998291198,1.0,0,301,0.0,6,0.0,0.0,0.0
0,4,1.0,1.0,0.0,1.0,44904,22,1.0,23,61,3.0907787383089698,4,306,0.5152803719466824,1.0,1,500,1.0,7,1.0,1.0,1.0
12,4,0.0,0.0,1.0,1.0,51488,80,1.0,2,8,39.59083443033563,1,148,0.08887306984830289,0.0,0,201,0.0,2,0.0,0.0,0.0
14,3,0.0,0.0,1.0,1.0,63069,22,1.0,1,9,53.81180264409754,0,68,0.10876114557324748,0.0,1,200,0.0,6,0.0,0.0,0.0
12,1,0.0,0.0,1.0,1.0,54261,22,1.0,2,1,130.7513601315038,1,116,0.0673929451434913,0.0,0,201,0.0,2,0.0,0.0,0.0
16,2,0.0,0.0,1.0,1.0,56138,22,1.0,2,3,118.75590135001512,0,111,0.0005762503331229185,0.0,1,301,0.0,4,0.0,0.0,0.0
14,2,0.0,0.0,1.0,1.0,58067,443,1.0,3,4,16.257618371792447,1,125,0.04396106976463801,0.0,1,201,0.0,6,0.0,0.0,0.0
10,4,0.0,0.0,1.0,1.0,56095,443,1.0,3,6,149.81087538655927,1,79,0.03521909426611893,0.0,0,404,0.0,6,0.0,0.0,0.0
2,5,1.0,1.0,0.0,1.0,25724,22,1.0,15,86,1.6583940973031477,4,143,0.5750559119831609,1.0,1,401,1.0,1,1.0,1.0,1.0
14,3,0.0,0.0,1.0,1.0,52669,22,1.0,1,6,411.5298077656953,1,155,0.17179133708412592,0.0,0,301,0.0,6,0.0,0.0,0.0
1,6,0.0,1.0,0.0,1.0,30515,445,1.0,46,67,2.5740661111256826,4,298,0.5946750446468096,1.0,1,404,1.0,7,1.0,1.0,1.0
10,3,0.0,0.0,1.0,1.0,60272,80,1.0,1,9,1.1092560021533864,1,157,0.15640306698659345,0.0,1,301,0.0,6,0.0,0.0,0.0
8,4,0.0,0.0,1.0,1.0,60302,443,1.0,2,7,43.032645066688005,1,195,0.1553856020654451,1.0,1,201,0.0,2,0.0,0.0,0.0
16,1,0.0,0.0,1.0,1.0,51787,443,1.0,1,1,149.00285583409178,1,173,0.13799994746178867,0.0,0,301,0.0,6,0.0,0.0,0.0
8,4,0.0,0.0,1.0,1.0,51342,22,1.0,4,3,18.010180115075492,0,136,0.13966223144551457,0.0,0,404,0.0,6,0.0,0.0,0.0
8,3,0.0,0.0,1.0,1.0,64435,80,1.0,1,6,88.72229893778368,1,96,0.0449780433631825,1.0,0,404,1.0,6,0.0,0.0,0.0
10,2,0.0,0.0,1.0,1.0,60197,443,1.0,3,1,53.20864431503372,1,196,0.005503837028083059,0.0,0,201,0.0,2,0.0,0.0,0.0
13,1,0.0,0.0,1.0,1.0,60074,80,1.0,2,7,31.892620643003504,1,187,0.04071567550927209,1.0,1,301,1.0,6,0.0,0.0,0.0
12,4,0.0,0.0,1.0,1.0,52024,443,1.0,3,3,149.92863982584598,0,83,0.1264318998372915,1.0,1,301,0.0,6,0.0,0.0,0.0
8,1,0.0,0.0,1.0,1.0,60846,80,1.0,2,1,42.670405559453656,1,83,0.036039150825629584,1.0,0,404,0.0,6,0.0,0.0,0.0
13,4,0.0,0.0,1.0,1.0,64484,443,1.0,3,5,22.624906865187217,0,147,0.018144340446986207,1.0,0,404,0.0,4,0.0,0.0,0.0
11,1,0.0,0.0,1.0,1.0,63461,22,1.0,4,3,1.93788394664463,1,121,0.13760888876720276,0.0,1,201,0.0,6,0.0,0.0,0.0
8,0,0.0,0.0,1.0,1.0,55523,22,1.0,4,4,43.926961172974956,0,147,0.19126401867750553,1.0,0,201,1.0,2,0.0,0.0,0.0
9,0,0.0,0.0,1.0,1.0,52050,80,1.0,4,5,286.60353837801955,0,162,0.17953493453559133,0.0,0,201,0.0,4,0.0,0.0,0.0
1,5,0.0,1.0,0.0,1.0,1084,22,1.0,11,56,4.235568012515921,3,150,0.5561763792004343,1.0,1,403,1.0,3,1.0,1.0,1.0
15,0,0.0,0.0,1.0,1.0,58658,22,1.0,1,1,46.548110941267964,1,165,0.091719588702768,1.0,0,200,0.0,2,0.0,0.0,0.0
14,3,0.0,0.0,1.0,1.0,53441,443,1.0,1,8,76.63850452648582,0,139,0.1418765934174782,0.0,0,404,0.0,4,0.0,0.0,0.0
2,5,1.0,1.0,0.0,1.0,24089,3389,1.0,28,34,2.1663918258769903,3,197,0.3888993995780634,1.0,1,500,1.0,7,1.0,1.0,1.0
8,4,0.0,0.0,1.0,1.0,51395,22,1.0,3,2,36.471318634885726,0,153,0.12440791247419876,0.0,0,404,0.0,2,0.0,0.0,0.0
23,6,0.0,1.0,0.0,1.0,11915,445,1.0,29,20,0.37549904476976403,5,442,0.42807265270187755,1.0,1,500,1.0,7,1.0,1.0,1.0
11,4,0.0,0.0,1.0,1.0,62870,80,1.0,4,7,7.145090750853228,0,190,0.08289394310786867,0.0,1,301,0.0,2,0.0,0.0,0.0
10,1,0.0,0.0,1.0,1.0,59201,443,1.0,1,1,560.8746230709056,0,134,0.07726463461529319,0.0,0,301,0.0,6,0.0,0.0,0.0
13,2,0.0,0.0,1.0,1.0,64495,443,1.0,2,6,30.015521820059433,1,70,0.010380188717461804,0.0,0,301,0.0,2,0.0,0.0,0.0
8,0,0.0,0.0,1.0,1.0,63098,443,1.0,4,7,128.03893712449096,1,54,0.1694543335443719,1.0,0,201,0.0,2,0.0,0.0,0.0
9,3,0.0,0.0,1.0,1.0,56264,80,1.0,1,3,230.09199370088268,1,94,0.0196469984378161,1.0,0,201,0.0,4,0.0,0.0,0.0
14,4,0.0,0.0,1.0,1.0,51595,443,1.0,3,5,52.74715511697289,0,112,0.00908065629373851,1.0,0,404,0.0,6,0.0,0.0,0.0
12,2,0.0,0.0,1.0,1.0,54494,80,1.0,4,9,55.52711613166957,0,88,0.14741931008641027,0.0,1,200,1.0,6,0.0,0.0,0.0
13,1,0.0,0.0,1.0,1.0,59720,22,1.0,3,2,313.5026486219789,1,87,0.10614747105736717,0.0,1,201,0.0,6,0.0,0.0,0.0
12,1,0.0,0.0,1.0,1.0,63502,443,1.0,3,8,102.81319964746447,0,198,0.1438319793889138,0.0,0,301,0.0,6,0.0,0.0,0.0
3,2,1.0,1.0,0.0,1.0,20806,445,1.0,33,33,4.853364837666864,3,441,0.2297338435544286,1.0,1,403,1.0,7,1.0,1.0,1.0
22,6,1.0,1.0,0.0,1.0,4138,23,1.0,11,81,4.924806940195114,2,184,0.40514515175079646,1.0,0,401,1.0,1,1.0,0.0,1.0
23,2,0.0,1.0,0.0,1.0,42529,3389,1.0,11,57,1.2063688055380828,5,491,0.27500178284759214,1.0,0,401,1.0,1,1.0,1.0,1.0
23,3,1.0,1.0,0.0,1.0,16347,3389,1.0,42,89,2.300484719260892,5,276,0.5808575668305405,1.0,0,500,1.0,7,1.0,1.0,1.0
8,1,0.0,0.0,1.0,1.0,59793,22,1.0,2,2,251.23995432742322,0,100,0.08133481399971663,1.0,1,404,0.0,6,0.0,0.0,0.0
9,1,0.0,0.0,1.0,1.0,60572,22,1.0,4,5,82.2481893100684,1,95,0.16793193114175808,1.0,0,301,0.0,4,0.0,0.0,0.0
8,4,0.0,0.0,1.0,1.0,62129,80,1.0,1,5,225.49168980590207,1,180,0.16595262405752897,0.0,0,201,0.0,2,0.0,0.0,0.0
16,0,0.0,0.0,1.0,1.0,64811,22,1.0,4,1,66.91456241111679,1,195,0.14497129986300342,1.0,0,200,0.0,6,0.0,0.0,0.0
11,3,0.0,0.0,1.0,1.0,51060,22,1.0,3,1,97.9932505488038,0,124,0.18947904991728937,0.0,0,200,0.0,6,0.0,0.0,0.0
16,1,0.0,0.0,1.0,1.0,53170,80,1.0,3,5,83.24598074681555,1,118,0.15271581377331453,0.0,1,404,0.0,6,0.0,0.0,0.0
9,3,0.0,0.0,1.0,1.0,51288,443,1.0,1,2,187.41481279810753,0,156,0.0996472000998546,1.0,1,404,0.0,2,0.0,0.0,0.0
12,3,0.0,0.0,1.0,1.0,57811,443,1.0,2,7,59.74455297927822,1,196,0.1364387761253221,0.0,0,200,0.0,6,0.0,0.0,0.0
17,3,0.0,0.0,1.0,1.0,57989,443,1.0,4,6,132.28103228592784,0,94,0.13337333211018434,0.0,1,201,0.0,6,0.0,0.0,0.0
9,1,0.0,0.0,1.0,1.0,58983,80,1.0,3,2,2.4489191270530317,1,116,0.14462565477651085,1.0,0,301,0.0,6,0.0,0.0,0.0
14,2,0.0,0.0,1.0,1.0,56698,80,1.0,4,9,27.534872427418644,0,158,0.1348697958046938,1.0,0,200,0.0,4,0.0,0.0,0.0
1,1,0.0,1.0,0.0,1.0,41899,3389,1.0,22,67,0.46698962580972037,3,393,0.4247741014078653,1.0,0,500,1.0,7,1.0,1.0,1.0
13,0,0.0,0.0,1.0,1.0,58676,80,1.0,4,2,2.206504935500153,1,110,0.16070362168698687,1.0,0,404,0.0,2,0.0,0.0,0.0
12,4,0.0,0.0,1.0,1.0,64061,22,1.0,4,5,142.8324681714378,1,61,0.18221374055347672,0.0,0,200,0.0,2,0.0,0.0,0.0
15,4,0.0,0.0,1.0,1.0,64922,22,1.0,2,4,317.1836719559786,1,188,0.006523589668313301,1.0,0,201,1.0,4,0.0,0.0,0.0
0,5,1.0,1.0,0.0,1.0,17586,23,1.0,34,30,0.6841311699188095,3,331,0.5140759537691365,1.0,0,403,1.0,3,1.0,1.0,1.0
15,0,0.0,0.0,1.0,1.0,51742,443,1.0,3,2,168.18487766767154,1,137,0.15080460698567646,0.0,0,404,0.0,4,0.0,0.0,0.0
11,2,0.0,0.0,1.0,1.0,56348,80,1.0,1,3,17.305443076039946,0,85,0.08115023372301221,0.0,0,201,0.0,4,0.0,0.0,0.0
17,1,0.0,0.0,1.0,1.0,64794,22,1.0,4,4,58.017391189790324,0,131,0.006561924825721688,1.0,0,201,0.0,2,0.0,0.0,0.0
13,4,0.0,0.0,1.0,1.0,64537,80,1.0,4,3,372.4455023142878,0,136,0.06604855586728108,0.0,0,200,0.0,2,0.0,0.0,0.0
2,0,1.0,1.0,0.0,1.0,18309,23,1.0,42,21,2.840168845665445,2,244,0.2852568477255747,1.0,1,401,1.0,7,1.0,1.0,1.0
17,3,0.0,0.0,1.0,1.0,62694,80,1.0,1,6,190.66651133282804,0,154,0.14434431054343586,0.0,1,404,0.0,6,0.0,0.0,0.0
0,5,0.0,1.0,0.0,1.0,7961,22,1.0,23,76,3.4472600000429283,2,118,0.2230964317868144,1.0,1,404,1.0,1,1.0,1.0,1.0
17,4,0.0,0.0,1.0,1.0,62062,22,1.0,2,5,256.0801448616133,1,50,0.18859676336320852,0.0,0,200,0.0,4,0.0,0.0,0.0
10,0,0.0,0.0,1.0,1.0,60412,22,1.0,2,4,136.93734613530438,0,160,0.12708872913190453,0.0,1,201,1.0,6,0.0,0.0,0.0
15,3,0.0,0.0,1.0,1.0,60792,80,1.0,1,9,102.39492043974927,0,98,0.09508132157001475,0.0,0,301,1.0,4,0.0,0.0,0.0
11,2,0.0,0.0,1.0,1.0,55717,22,1.0,2,5,78.75170241922046,0,86,0.002838009879153436,1.0,0,201,0.0,4,0.0,0.0,0.0
12,3,0.0,0.0,1.0,1.0,59382,443,1.0,4,7,20.480715510999964,1,122,0.12394691428661785,1.0,0,301,1.0,6,0.0,0.0,0.0
17,1,0.0,0.0,1.0,1.0,63907,22,1.0,4,6,31.738517565419478,0,153,0.09637349585492333,1.0,0,201,1.0,2,0.0,0.0,0.0
15,2,0.0,0.0,1.0,1.0,56140,22,1.0,3,1,3.9184116743756054,1,52,0.1326014692283552,0.0,0,301,0.0,4,0.0,0.0,0.0
15,4,0.0,0.0,1.0,1.0,60631,443,1.0,1,2,158.69426429163502,1,57,0.05850301821414836,0.0,0,404,0.0,6,0.0,0.0,0.0
12,0,0.0,0.0,1.0,1.0,62655,80,1.0,1,2,80.69930187631815,0,84,0.05799402378872181,1.0,0,404,0.0,6,0.0,0.0,0.0
14,3,0.0,0.0,1.0,1.0,57324,80,1.0,4,3,123.3555069093609,0,198,0.16428639832851866,0.0,0,201,0.0,4,0.0,0.0,0.0
10,0,0.0,0.0,1.0,1.0,51371,22,1.0,3,5,133.7251919142745,0,61,0.14202708635961317,0.0,1,301,0.0,4,0.0,0.0,0.0
16,4,0.0,0.0,1.0,1.0,59154,80,1.0,4,6,66.99017356298462,1,162,0.05345052595871907,1.0,0,200,0.0,4,0.0,0.0,0.0
16,0,0.0,0.0,1.0,1.0,64648,80,1.0,3,7,109.00183808326895,1,132,0.02440609886436973,0.0,0,201,0.0,6,0.0,0.0,0.0
11,1,0.0,0.0,1.0,1.0,59532,22,1.0,1,6,48.42371702849132,0,116,0.18620199417705996,0.0,0,201,0.0,4,0.0,0.0,0.0
16,4,0.0,0.0,1.0,1.0,64676,22,1.0,4,9,57.87565409233329,0,80,0.17279231614700205,1.0,0,201,0.0,4,0.0,0.0,0.0
17,0,0.0,0.0,1.0,1.0,60765,22,1.0,4,3,5.951708142442368,1,134,0.15415612365277598,1.0,0,200,0.0,2,0.0,0.0,0.0
8,2,0.0,0.0,1.0,1.0,52748,22,1.0,1,3,202.53829191556267,0,100,0.11869715259518694,0.0,0,200,0.0,6,0.0,0.0,0.0
10,0,0.0,0.0,1.0,1.0,61106,22,1.0,2,7,106.75841906842092,1,171,0.042791407737647384,0.0,1,404,0.0,2,0.0,0.0,0.0
3,3,1.0,1.0,0.0,1.0,11778,3389,1.0,12,63,1.6982342452284425,2,468,0.25741790237750717,1.0,1,401,1.0,3,1.0,1.0,1.0
17,0,0.0,0.0,1.0,1.0,60205,80,1.0,1,1,33.15462935948641,1,182,0.004134273778380893,0.0,0,200,0.0,2,0.0,0.0,0.0
9,2,0.0,0.0,1.0,1.0,63076,80,1.0,3,8,1.218238000979597,0,72,0.04783175555644861,0.0,0,201,0.0,6,0.0,0.0,0.0
9,3,0.0,0.0,1.0,1.0,50214,443,1.0,2,4,251.81570465176466,0,125,0.031724828905275594,0.0,0,201,0.0,2,0.0,0.0,0.0
3,1,1.0,1.0,0.0,1.0,46996,3389,1.0,21,76,4.43767050566707,3,395,0.25256495314210736,1.0,1,403,1.0,7,1.0,0.0,1.0
2,4,1.0,1.0,0.0,1.0,3919,445,1.0,26,22,0.295620409562381,3,315,0.3297315516547866,1.0,1,401,1.0,3,1.0,1.0,1.0
11,4,0.0,0.0,1.0,1.0,54567,22,1.0,3,8,345.7411529753554,0,114,0.046050184142102935,0.0,0,404,0.0,2,0.0,0.0,0.0
13,3,0.0,0.0,1.0,1.0,50272,80,1.0,4,2,3.5949877311554204,1,190,0.09630986805517086,1.0,0,201,0.0,6,0.0,0.0,0.0
11,1,0.0,0.0,1.0,1.0,51149,80,1.0,1,8,78.1404144953795,1,194,0.046407965780221196,0.0,0,201,1.0,4,0.0,0.0,0.0
0,5,0.0,1.0,0.0,1.0,42880,22,1.0,35,34,0.27865914904553046,2,346,0.39496252124032305,1.0,0,403,1.0,7,1.0,0.0,1.0
14,4,0.0,0.0,1.0,1.0,49790,22,1.0,1,9,117.11987584682579,1,169,0.04844624356491339,0.0,0,404,0.0,4,0.0,0.0,0.0
16,4,0.0,0.0,1.0,1.0,52839,80,1.0,1,9,71.0009650068406,0,71,0.15626976812288126,1.0,0,301,0.0,4,0.0,0.0,0.0
2,3,1.0,1.0,0.0,1.0,9344,22,1.0,35,32,2.7773946636394475,3,250,0.20961649494657514,1.0,0,401,1.0,1,1.0,0.0,1.0
9,4,0.0,0.0,1.0,1.0,63070,80,1.0,1,8,12.940840602400936,1,175,0.08315950013749003,0.0,0,404,0.0,6,0.0,0.0,0.0
10,1,0.0,0.0,1.0,1.0,56729,22,1.0,4,2,21.998665189386475,0,169,0.1989962738650186,1.0,0,301,0.0,4,0.0,0.0,0.0
23,1,1.0,1.0,0.0,1.0,34326,22,1.0,16,57,0.5875238774775269,2,294,0.49200068843234457,1.0,1,401,1.0,7,1.0,0.0,1.0
11,2,0.0,0.0,1.0,1.0,61194,443,1.0,3,5,167.0089533843877,1,98,0.19246204059755687,0.0,0,301,0.0,2,0.0,0.0,0.0
8,4,0.0,0.0,1.0,1.0,56193,443,1.0,3,2,71.78947323254283,0,114,0.18747568763286415,0.0,0,200,0.0,2,0.0,0.0,0.0
16,1,0.0,0.0,1.0,1.0,65341,80,1.0,3,3,27.3358616957147,1,156,0.037204600001133126,0.0,1,201,0.0,4,0.0,0.0,0.0
11,1,0.0,0.0,1.0,1.0,65033,443,1.0,2,4,45.93557682687801,1,57,0.11476825082090268,0.0,0,201,0.0,6,0.0,0.0,0.0
8,3,0.0,0.0,1.0,1.0,58596,443,1.0,4,2,13.707566198038496,1,87,0.1857320574029766,1.0,0,200,1.0,6,0.0,0.0,0.0
13,4,0.0,0.0,1.0,1.0,55523,443,1.0,1,6,102.43551145361242,1,116,0.11299687153505072,0.0,0,301,0.0,6,0.0,0.0,0.0
11,3,0.0,0.0,1.0,1.0,49277,80,1.0,3,2,12.371277950994294,1,101,0.020549650490484673,1.0,1,201,0.0,2,0.0,0.0,0.0
12,1,0.0,0.0,1.0,1.0,56034,443,1.0,1,9,44.6500262019517,1,150,0.09263454335026836,0.0,1,404,0.0,2,0.0,0.0,0.0
11,0,0.0,0.0,1.0,1.0,64041,80,1.0,2,4,129.63136856112857,0,91,0.161615856471166,0.0,0,201,0.0,6,0.0,0.0,0.0
15,1,0.0,0.0,1.0,1.0,54931,443,1.0,4,9,39.77838153323653,1,53,0.0728708476856464,0.0,0,201,0.0,4,0.0,0.0,0.0
13,0,0.0,0.0,1.0,1.0,54408,443,1.0,4,2,12.941008905710117,1,167,0.10776260180792381,1.0,0,404,0.0,6,0.0,0.0,0.0
2,4,0.0,1.0,0.0,1.0,6293,3389,1.0,16,23,4.572723921998523,5,183,0.5769485757873658,1.0,0,401,1.0,7,1.0,1.0,1.0
10,4,0.0,0.0,1.0,1.0,50683,80,1.0,4,8,152.3389067018665,1,99,0.09078936962167142,1.0,0,200,0.0,6,0.0,0.0,0.0
23,4,1.0,1.0,0.0,1.0,45667,3389,1.0,12,45,2.89744456338551,2,179,0.4836006045305518,1.0,1,404,1.0,7,1.0,1.0,1.0
11,1,0.0,0.0,1.0,1.0,63212,22,1.0,4,3,169.25311877747205,1,94,0.021778662796207816,1.0,0,404,0.0,4,0.0,0.0,0.0
9,1,0.0,0.0,1.0,1.0,51122,22,1.0,4,2,206.61140751074524,1,190,0.12061286123410331,1.0,0,301,0.0,6,0.0,0.0,0.0
8,4,0.0,0.0,1.0,1.0,54525,80,1.0,3,4,16.12116083351189,0,131,0.05510958784389668,1.0,0,404,0.0,4,0.0,0.0,0.0
16,4,0.0,0.0,1.0,1.0,52896,80,1.0,4,6,101.39076313345574,1,51,0.13511601839005197,0.0,0,200,0.0,4,0.0,0.0,0.0
2,4,1.0,1.0,0.0,1.0,39615,445,1.0,35,40,1.7288907916543894,4,284,0.43505079464604346,1.0,1,401,1.0,1,1.0,1.0,1.0
13,4,0.0,0.0,1.0,1.0,55621,22,1.0,1,4,79.39834770016945,0,176,0.008331363676536486,1.0,0,201,0.0,4,0.0,0.0,0.0
9,4,0.0,0.0,1.0,1.0,53358,80,1.0,3,2,172.86751754099376,0,135,0.17330959634981738,0.0,0,200,0.0,4,0.0,0.0,0.0
17,4,0.0,0.0,1.0,1.0,55468,443,1.0,2,9,320.83475501912335,0,131,0.05333503933239552,0.0,0,201,0.0,6,0.0,0.0,0.0
14,2,0.0,0.0,1.0,1.0,54712,80,1.0,2,1,14.746771733388927,1,94,0.167653071909141,0.0,0,404,0.0,4,0.0,0.0,0.0
1,3,0.0,1.0,0.0,1.0,41884,22,1.0,32,39,3.41435200765903,2,493,0.3343373948157264,1.0,1,403,1.0,3,1.0,0.0,1.0
15,1,0.0,0.0,1.0,1.0,61913,22,1.0,3,1,59.85116578458807,1,102,0.13337088420285356,0.0,0,200,0.0,6,0.0,0.0,0.0
8,1,0.0,0.0,1.0,1.0,51268,22,1.0,3,7,15.952638422688285,1,141,0.12720849375599366,0.0,0,301,0.0,2,0.0,0.0,0.0
2,1,1.0,1.0,0.0,1.0,26166,23,1.0,35,21,0.7179650796395118,4,106,0.3086656765454622,1.0,1,403,1.0,3,1.0,1.0,1.0
9,1,0.0,0.0,1.0,1.0,63521,22,1.0,3,6,198.0606543336451,1,154,0.18143996431212447,0.0,1,301,0.0,2,0.0,0.0,0.0
12,4,0.0,0.0,1.0,1.0,56478,80,1.0,1,4,0.3223453352234625,1,140,0.15035443460781867,0.0,0,200,0.0,6,0.0,0.0,0.0
13,4,0.0,0.0,1.0,1.0,49516,443,1.0,4,1,26.74116877155556,1,154,0.05323360250310749,0.0,0,200,0.0,6,0.0,0.0,0.0
8,1,0.0,0.0,1.0,1.0,53386,22,1.0,1,9,57.55474933648939,0,170,0.1283719917710711,0.0,0,301,0.0,6,0.0,0.0,0.0
16,0,0.0,0.0,1.0,1.0,58057,443,1.0,3,7,72.50082520454396,0,125,0.08028912618263873,0.0,0,301,0.0,6,0.0,0.0,0.0
10,4,0.0,0.0,1.0,1.0,54884,443,1.0,4,2,30.341273135638318,0,177,0.0538039293596621,0.0,0,201,0.0,6,0.0,0.0,0.0
2,5,0.0,1.0,0.0,1.0,41788,22,1.0,43,27,3.278546471451086,4,293,0.25333072653703004,1.0,0,500,1.0,3,1.0,1.0,1.0
1,1,0.0,1.0,0.0,1.0,27105,445,1.0,24,38,0.6201857323825894,5,249,0.24477383125391572,1.0,1,403,1.0,1,1.0,1.0,1.0
15,0,0.0,0.0,1.0,1.0,55565,443,1.0,3,2,41.28938923155083,0,113,0.15217086890289913,0.0,0,301,0.0,2,0.0,0.0,0.0
14,2,0.0,0.0,1.0,1.0,51356,443,1.0,1,5,80.79443351961764,0,141,0.19096939860769363,0.0,0,200,1.0,4,0.0,0.0,0.0
2,1,0.0,1.0,0.0,1.0,40749,3389,1.0,34,29,3.043881531764134,2,341,0.5478725293374651,1.0,0,403,1.0,3,1.0,1.0,1.0
2,1,1.0,1.0,0.0,1.0,20870,445,1.0,45,91,3.8563201290890534,5,313,0.3431019053174857,1.0,0,404,1.0,1,1.0,0.0,1.0
16,2,0.0,0.0,1.0,1.0,49497,22,1.0,2,2,101.10887957798545,0,145,0.16495757125555735,1.0,0,301,0.0,6,0.0,0.0,0.0
14,1,0.0,0.0,1.0,1.0,58662,443,1.0,2,3,61.718570785211426,0,108,0.043823495893987686,1.0,0,404,1.0,6,0.0,0.0,0.0
10,4,0.0,0.0,1.0,1.0,52543,443,1.0,2,9,160.302944884436,0,96,0.008912764689735831,0.0,0,404,0.0,2,0.0,0.0,0.0
14,3,0.0,0.0,1.0,1.0,57159,443,1.0,2,5,137.86166282050146,1,188,0.1898142392629688,1.0,0,301,0.0,2,0.0,0.0,0.0
8,4,0.0,0.0,1.0,1.0,51017,80,1.0,4,7,217.32756794630143,1,194,0.18044728069244764,0.0,0,201,0.0,2,0.0,0.0,0.0
1,0,0.0,1.0,0.0,1.0,30086,22,1.0,35,70,1.9472322197055243,2,161,0.23879150500643817,1.0,1,401,1.0,3,1.0,1.0,1.0
11,4,0.0,0.0,1.0,1.0,60398,443,1.0,1,3,70.4921613839529,0,126,0.1708443812681736,0.0,0,200,0.0,2,0.0,0.0,0.0
0,3,0.0,1.0,0.0,1.0,27526,22,1.0,45,25,1.12457708648911,4,129,0.5379190324752584,1.0,0,404,1.0,3,1.0,0.0,1.0
23,0,0.0,1.0,0.0,1.0,44625,23,1.0,49,93,0.8249958371360887,3,177,0.2728252515527422,1.0,1,500,1.0,3,1.0,1.0,1.0
12,0,0.0,0.0,1.0,1.0,63340,443,1.0,2,6,158.08374881107957,1,60,0.029635585645989095,0.0,0,404,0.0,6,0.0,0.0,0.0
14,4,0.0,0.0,1.0,1.0,49979,443,1.0,4,3,178.19896121391395,1,103,0.04011205021459659,0.0,0,201,0.0,4,0.0,0.0,0.0
12,4,0.0,0.0,1.0,1.0,56819,443,1.0,1,6,10.444770971109277,0,158,0.1029367234242878,1.0,0,201,0.0,4,0.0,0.0,0.0
8,4,0.0,0.0,1.0,1.0,65441,22,1.0,4,2,95.45456284794805,0,149,0.01212578521329364,0.0,1,404,0.0,4,0.0,0.0,0.0
15,1,0.0,0.0,1.0,1.0,63746,443,1.0,2,3,61.89259348392796,1,166,0.17585102296927693,0.0,0,201,0.0,4,0.0,0.0,0.0
16,3,0.0,0.0,1.0,1.0,50448,80,1.0,2,6,484.82632653602354,1,64,0.16475561802023306,1.0,0,301,0.0,2,0.0,0.0,0.0
14,1,0.0,0.0,1.0,1.0,63291,22,1.0,2,6,263.2251506424206,0,118,0.10937192819502524,0.0,0,404,0.0,4,0.0,0.0,0.0
2,4,0.0,1.0,0.0,1.0,15928,22,1.0,18,90,2.2028325105957776,2,148,0.3161020421490118,1.0,1,403,1.0,3,1.0,1.0,1.0
11,4,0.0,0.0,1.0,1.0,57136,443,1.0,1,1,144.55037992237158,1,147,0.055247464995030617,1.0,0,301,0.0,2,0.0,0.0,0.0
8,2,0.0,0.0,1.0,1.0,52871,443,1.0,1,6,86.74619670881442,0,54,0.08550036626562235,0.0,1,301,0.0,2,0.0,0.0,0.0
9,1,0.0,0.0,1.0,1.0,60454,80,1.0,3,8,116.75936310968125,1,98,0.17104139700367402,0.0,0,301,1.0,6,0.0,0.0,0.0
12,2,0.0,0.0,1.0,1.0,64386,80,1.0,4,4,71.21712524346368,0,90,0.1295426342125843,0.0,0,404,0.0,2,0.0,0.0,0.0
9,4,0.0,0.0,1.0,1.0,55320,443,1.0,3,7,156.0792693564261,0,69,0.11665330356260908,0.0,0,301,0.0,4,0.0,0.0,0.0
14,1,0.0,0.0,1.0,1.0,53173,80,1.0,4,6,3.419152493794983,1,151,0.15614637064018022,1.0,1,200,0.0,2,0.0,0.0,0.0
11,4,0.0,0.0,1.0,1.0,54963,80,1.0,1,8,82.6214260143961,1,79,0.13634972881803226,0.0,0,201,1.0,6,0.0,0.0,0.0
2,5,0.0,1.0,0.0,1.0,43017,22,1.0,37,36,1.4813999424265332,3,450,0.45008645001257525,1.0,1,500,1.0,7,1.0,1.0,1.0
2,2,0.0,1.0,0.0,1.0,47712,22,1.0,29,57,3.121447693009848,5,292,0.5002393826976506,1.0,1,500,1.0,1,1.0,1.0,1.0
15,0,0.0,0.0,1.0,1.0,53784,22,1.0,2,7,47.904161866709714,0,199,0.1566033274633466,1.0,0,200,0.0,2,0.0,0.0,0.0
3,0,0.0,1.0,0.0,1.0,10293,23,1.0,42,28,1.3858010447975797,4,398,0.3050883774245211,1.0,0,403,1.0,7,1.0,1.0,1.0
14,4,0.0,0.0,1.0,1.0,59319,443,1.0,4,4,56.65107910082499,1,191,0.055687881650086916,1.0,0,404,0.0,4,0.0,0.0,0.0
11,4,0.0,0.0,1.0,1.0,51712,80,1.0,2,1,4.285658730910904,0,105,0.09946248923379448,0.0,0,404,0.0,2,0.0,0.0,0.0
14,1,0.0,0.0,1.0,1.0,52238,80,1.0,2,9,276.3951300892074,1,117,0.06063881189220921,1.0,0,301,0.0,6,0.0,0.0,0.0
10,4,0.0,0.0,1.0,1.0,59970,22,1.0,2,9,17.443867048912377,1,102,0.07539710838525603,1.0,1,200,0.0,6,0.0,0.0,0.0
22,2,1.0,1.0,0.0,1.0,33040,3389,1.0,17,40,0.6224557327893296,2,498,0.3569068166094188,1.0,1,404,1.0,3,1.0,0.0,1.0
15,1,0.0,0.0,1.0,1.0,60793,22,1.0,4,8,68.609441459685,1,79,0.054287715526840044,0.0,1,301,0.0,6,0.0,0.0,0.0
8,1,0.0,0.0,1.0,1.0,50757,80,1.0,1,2,151.759549322393,1,173,0.17316403304447103,0.0,1,201,0.0,6,0.0,0.0,0.0
17,4,0.0,0.0,1.0,1.0,57706,22,1.0,4,7,12.594446448603403,0,196,0.09265873065455937,0.0,0,404,0.0,2,0.0,0.0,0.0
0,6,0.0,1.0,0.0,1.0,10021,3389,1.0,49,40,1.088795246437039,2,396,0.21157772669734684,1.0,0,403,1.0,3,1.0,0.0,1.0
11,2,0.0,0.0,1.0,1.0,60627,22,1.0,2,3,163.95126583574475,1,87,0.1791453451852346,0.0,0,404,0.0,6,0.0,0.0,0.0
15,0,0.0,0.0,1.0,1.0,60625,80,1.0,1,7,20.392473795035094,0,80,0.10640433579685037,1.0,0,200,0.0,2,0.0,0.0,0.0
16,0,0.0,0.0,1.0,1.0,63878,22,1.0,3,5,61.9074518666376,1,172,0.11039806042414423,0.0,0,404,0.0,2,0.0,0.0,0.0
10,3,0.0,0.0,1.0,1.0,56956,22,1.0,2,9,19.532019762394587,1,174,0.00260591355141675,0.0,1,200,0.0,6,0.0,0.0,0.0
10,3,0.0,0.0,1.0,1.0,64897,22,1.0,3,1,261.9734692704209,0,51,0.03046591789290709,0.0,0,201,0.0,4,0.0,0.0,0.0
17,4,0.0,0.0,1.0,1.0,52908,22,1.0,1,8,31.446518612624928,1,164,0.16916991009199356,1.0,0,404,0.0,6,0.0,0.0,0.0
15,4,0.0,0.0,1.0,1.0,60053,443,1.0,3,2,105.03968393246197,0,185,0.020961612999514424,0.0,0,404,0.0,2,0.0,0.0,0.0
17,2,0.0,0.0,1.0,1.0,52224,80,1.0,3,6,6.760043876192516,0,177,0.025988274453588246,0.0,0,301,0.0,4,0.0,0.0,0.0
14,2,0.0,0.0,1.0,1.0,54560,80,1.0,1,7,80.98719123476157,0,70,0.08055287969245038,0.0,0,200,0.0,2,0.0,0.0,0.0
17,4,0.0,0.0,1.0,1.0,49161,22,1.0,1,1,95.1745864110872,1,143,0.058228849557035806,0.0,1,301,1.0,6,0.0,0.0,0.0
8,1,0.0,0.0,1.0,1.0,61450,22,1.0,4,2,56.919541721923316,1,184,0.059048360497928436,0.0,1,200,0.0,2,0.0,0.0,0.0
3,1,0.0,1.0,0.0,1.0,36357,22,1.0,43,43,2.18497773043203,5,244,0.549007980731745,1.0,1,401,1.0,1,1.0,1.0,1.0
9,3,0.0,0.0,1.0,1.0,62898,22,1.0,4,6,161.71531579615473,0,133,0.18121317713727306,1.0,1,201,1.0,2,0.0,0.0,0.0
11,1,0.0,0.0,1.0,1.0,57015,22,1.0,1,1,65.57991618936114,1,189,0.08627612975481494,1.0,0,404,0.0,4,0.0,0.0,0.0
1,2,1.0,1.0,0.0,1.0,36252,23,1.0,26,45,2.4233739348074907,3,278,0.48219600986924666,1.0,1,401,1.0,1,1.0,1.0,1.0
9,4,0.0,0.0,1.0,1.0,51826,22,1.0,1,1,6.033502607505761,0,101,0.17777748480072597,1.0,1,200,0.0,4,0.0,0.0,0.0
15,0,0.0,0.0,1.0,1.0,55136,22,1.0,4,1,417.7926595016945,1,173,0.16587832539170252,0.0,0,301,0.0,2,0.0,0.0,0.0
15,3,0.0,0.0,1.0,1.0,58947,443,1.0,3,4,36.33818695917868,0,181,0.09339359999272215,0.0,0,301,0.0,4,0.0,0.0,0.0
13,2,0.0,0.0,1.0,1.0,60400,80,1.0,2,6,14.327005689790266,0,75,0.17920815993144382,0.0,0,200,0.0,4,0.0,0.0,0.0
10,4,0.0,0.0,1.0,1.0,55440,22,1.0,1,9,210.3523768243236,0,70,0.14300774377013678,0.0,0,404,0.0,6,0.0,0.0,0.0
0,1,0.0,1.0,0.0,1.0,6553,22,1.0,13,27,4.82205742456654,5,305,0.5530461830068982,1.0,0,403,1.0,3,1.0,1.0,1.0
15,3,0.0,0.0,1.0,1.0,61057,80,1.0,4,9,8.860393466847853,1,150,0.011943297794177866,0.0,0,201,0.0,2,0.0,0.0,0.0
22,0,1.0,1.0,0.0,1.0,35653,22,1.0,25,31,2.4796080622253682,3,345,0.4440784035943338,1.0,0,401,1.0,7,1.0,1.0,1.0
14,3,0.0,0.0,1.0,1.0,58462,80,1.0,4,5,107.97004100335128,0,157,0.06302940782651066,1.0,0,301,0.0,2,0.0,0.0,0.0
1,0,1.0,1.0,0.0,1.0,5345,445,1.0,31,40,2.2845451941523796,4,161,0.4639973800541269,1.0,0,401,1.0,1,1.0,0.0,1.0
17,1,0.0,0.0,1.0,1.0,52642,80,1.0,3,8,19.12928814550219,1,171,0.17921502235891468,0.0,0,404,0.0,6,0.0,0.0,0.0
9,0,0.0,0.0,1.0,1.0,59017,443,1.0,3,4,16.27177737566215,1,130,0.17989104250922033,0.0,0,201,0.0,2,0.0,0.0,0.0
13,1,0.0,0.0,1.0,1.0,59500,80,1.0,4,7,118.7283150977474,1,53,0.1861774744121617,1.0,0,201,1.0,2,0.0,0.0,0.0
14,0,0.0,0.0,1.0,1.0,64299,443,1.0,4,6,170.07295740107259,1,142,0.03780790494550634,1.0,1,201,0.0,2,0.0,0.0,0.0
8,1,0.0,0.0,1.0,1.0,60349,22,1.0,4,3,88.61722825317389,0,62,0.10934010411135367,0.0,0,201,0.0,6,0.0,0.0,0.0
12,3,0.0,0.0,1.0,1.0,59207,443,1.0,1,7,140.66682208230554,1,55,0.10450794334641066,1.0,0,201,0.0,4,0.0,0.0,0.0
13,2,0.0,0.0,1.0,1.0,61942,443,1.0,4,6,183.69850704778037,0,108,0.15461780833949323,0.0,0,301,0.0,4,0.0,0.0,0.0
8,4,0.0,0.0,1.0,1.0,54274,443,1.0,3,6,73.59669552982862,0,111,0.04292561465176057,1.0,0,201,0.0,6,0.0,0.0,0.0
17,0,0.0,0.0,1.0,1.0,51523,22,1.0,3,9,112.8457057823754,0,119,0.08602057530596002,1.0,0,200,0.0,4,0.0,0.0,0.0
22,3,1.0,1.0,0.0,1.0,18475,23,1.0,11,82,0.4906038586176965,2,407,0.25168952004109973,1.0,1,403,1.0,3,1.0,1.0,1.0
13,1,0.0,0.0,1.0,1.0,51178,80,1.0,3,7,232.03620930403721,1,133,0.1096764072391308,1.0,0,404,0.0,6,0.0,0.0,0.0
8,0,0.0,0.0,1.0,1.0,58598,80,1.0,3,4,20.828540063345006,1,152,0.180276619328387,0.0,0,201,1.0,4,0.0,0.0,0.0
2,0,1.0,1.0,0.0,1.0,15844,23,1.0,25,81,4.630744776530319,3,285,0.4718819114307336,1.0,1,401,1.0,7,1.0,0.0,1.0
14,0,0.0,0.0,1.0,1.0,50756,443,1.0,2,7,30.794794955359027,1,81,0.19633066477048958,0.0,1,301,0.0,6,0.0,0.0,0.0
17,1,0.0,0.0,1.0,1.0,52182,80,1.0,2,2,59.736409886505704,1,58,0.18984172537410246,0.0,0,301,0.0,4,0.0,0.0,0.0
10,2,0.0,0.0,1.0,1.0,53764,80,1.0,4,9,59.53140605103695,0,77,0.0831207791814671,0.0,1,404,0.0,6,0.0,0.0,0.0
23,2,1.0,1.0,0.0,1.0,48916,23,1.0,35,83,0.3584453655948653,4,481,0.5781486598459111,1.0,0,401,1.0,7,1.0,1.0,1.0
11,0,0.0,0.0,1.0,1.0,56935,22,1.0,4,5,84.83336962100451,0,118,0.0783647926567,1.0,0,200,0.0,4,0.0,0.0,0.0
10,0,0.0,0.0,1.0,1.0,59495,80,1.0,2,3,35.31788500016205,1,117,0.19203355694574908,0.0,1,404,0.0,2,0.0,0.0,0.0
14,1,0.0,0.0,1.0,1.0,52380,80,1.0,3,7,6.705217851068186,1,188,0.11266492840660934,1.0,1,301,0.0,4,0.0,0.0,0.0
16,0,0.0,0.0,1.0,1.0,51200,443,1.0,3,1,61.51621609169232,0,154,0.07354673016102198,0.0,0,200,0.0,4,0.0,0.0,0.0
11,0,0.0,0.0,1.0,1.0,49998,443,1.0,3,8,24.232875607689376,1,152,0.1897691911662261,0.0,0,201,0.0,4,0.0,0.0,0.0
14,1,0.0,0.0,1.0,1.0,62093,80,1.0,1,8,222.64085163237465,0,124,0.08710152509443814,1.0,1,201,0.0,2,0.0,0.0,0.0
8,3,0.0,0.0,1.0,1.0,53028,443,1.0,4,7,20.591951269056196,0,96,0.1281271185605173,1.0,0,201,0.0,4,0.0,0.0,0.0
15,0,0.0,0.0,1.0,1.0,59741,443,1.0,4,2,15.344186123358494,1,103,0.11041387293067557,0.0,0,200,0.0,4,0.0,0.0,0.0
11,4,0.0,0.0,1.0,1.0,60711,80,1.0,2,8,14.543519952787474,1,86,0.15249657689511062,0.0,0,201,0.0,6,0.0,0.0,0.0
8,4,0.0,0.0,1.0,1.0,50612,22,1.0,3,5,96.65002845057637,0,162,0.19989324964312616,0.0,0,301,0.0,6,0.0,0.0,0.0
3,2,1.0,1.0,0.0,1.0,37710,3389,1.0,20,30,3.0557440042875714,4,455,0.22228273444609808,1.0,0,401,1.0,1,1.0,1.0,1.0
13,2,0.0,0.0,1.0,1.0,63305,22,1.0,1,4,24.9246221980613,1,97,0.09200047911615979,0.0,1,201,0.0,2,0.0,0.0,0.0
16,2,0.0,0.0,1.0,1.0,58216,443,1.0,4,9,106.85058907480496,1,162,0.12418171804354161,0.0,0,201,0.0,2,0.0,0.0,0.0
3,5,0.0,1.0,0.0,1.0,46264,22,1.0,23,72,2.0914410292126915,4,167,0.2362237870403682,1.0,0,404,1.0,7,1.0,0.0,1.0
17,0,0.0,0.0,1.0,1.0,49269,22,1.0,1,1,146.66583261701916,1,50,0.16466188596414358,0.0,0,200,0.0,2,0.0,0.0,0.0
23,5,0.0,1.0,0.0,1.0,8123,445,1.0,39,58,0.5248621812186371,3,265,0.3049940031602364,1.0,0,500,1.0,1,1.0,1.0,1.0
12,1,0.0,0.0,1.0,1.0,54278,22,1.0,4,2,184.53709920619715,1,65,0.006733835642774544,0.0,1,301,0.0,6,0.0,0.0,0.0
13,3,0.0,0.0,1.0,1.0,61021,80,1.0,2,2,10.357949119433949,0,79,0.16943888780671634,1.0,1,404,0.0,2,0.0,0.0,0.0
12,4,0.0,0.0,1.0,1.0,65065,443,1.0,4,6,50.85998156695678,1,61,0.00845834984453624,1.0,0,404,0.0,2,0.0,0.0,0.0
10,0,0.0,0.0,1.0,1.0,57586,22,1.0,4,7,571.2879886799935,1,66,0.15924811911257086,0.0,1,200,0.0,4,0.0,0.0,0.0
11,1,0.0,0.0,1.0,1.0,64526,443,1.0,4,2,51.331925672141935,1,100,0.16165508791118754,0.0,0,201,0.0,6,0.0,0.0,0.0
9,4,0.0,0.0,1.0,1.0,56942,80,1.0,2,9,2.654595521466961,1,142,0.07243525095974566,0.0,0,200,0.0,2,0.0,0.0,0.0
0,6,0.0,1.0,0.0,1.0,10220,23,1.0,19,31,3.534241916495012,4,223,0.38889057030248175,1.0,1,403,1.0,3,1.0,1.0,1.0
14,0,0.0,0.0,1.0,1.0,60214,80,1.0,3,1,10.65232035515615,1,137,0.07423232295714836,1.0,1,201,0.0,2,0.0,0.0,0.0
